day,title,category,email_subject,email_body,website_content
1,"Deine Stadt als Miniatur-Kunstwerk","Allgemein","ğŸ„ TÃ¼rchen 1: Deine Stadt als KI-Miniatur","TÃ¼rchen 1 ist offen! ğŸ„

Heute: Erstelle beeindruckende StÃ¤dte-Bilder fÃ¼r Newsletter oder Social Media â€“ direkt in der Gemini App.

Der Tilt-Shift-Effekt lÃ¤sst echte StÃ¤dte wie Miniaturmodelle aussehen. Perfekt fÃ¼r saisonale Newsletter-Header.

ğŸ‘‰ Zum Tipp: https://taxki.elinalesyk.com/1

ğŸ’° Kostenlos mit Google-Konto

Bis morgen!","<p>Erstelle beeindruckende StÃ¤dte-Bilder fÃ¼r Newsletter oder Social Media. Direkt in der Gemini App mÃ¶glich.</p>

<h3>So geht's:</h3>
<ol>
<li>Ã–ffne gemini.google.com</li>
<li>WÃ¤hle ""Create Image"" im Chat</li>
<li>Gib diesen Prompt ein:</li>
</ol>

<pre><code>CITY=[deine Stadt, z.B. MÃ¼nchen]

Present a clear, 45Â° top-down isometric miniature 3D cartoon scene of [CITY], featuring its most iconic landmarks and architectural elements.

Use soft, refined textures with realistic PBR materials and gentle, lifelike lighting and shadows.

Integrate the current weather conditions directly into the city environment to create an immersive atmospheric mood.

Use a clean, minimalistic composition with a soft, solid-colored background.

At the top-center, place the title ""[CITY]"" in large bold text, a prominent weather icon beneath it, then the date (small text) and temperature (medium text).

All text must be centered with consistent spacing, and may subtly overlap the tops of the buildings.

Square 1080x1080 dimension.</code></pre>

<p><strong>Warum das funktioniert:</strong> Der Tilt-Shift-Effekt lÃ¤sst echte StÃ¤dte wie Miniaturmodelle aussehen. Perfekt fÃ¼r saisonale Newsletter-Header.</p>

<p>ğŸ’° <strong>Kosten:</strong> Kostenlos mit Google-Konto</p>
<p>ğŸ”’ <strong>DSGVO:</strong> Keine personenbezogenen Daten involviert. Google-Nutzungsbedingungen beachten.</p>"
2,"Claude Projects â€“ Deine persÃ¶nliche Steuerrecht-Wissensbasis","Large Language Models","ğŸ„ TÃ¼rchen 2: 500 Seiten Fachwissen immer dabei","TÃ¼rchen 2 ist offen! ğŸ„

Heute: Claude Projects speichert dauerhaft bis zu 200.000 Tokens Kontext â€“ das entspricht etwa 500 Seiten Fachliteratur.

Erstelle separate Projekte fÃ¼r verschiedene Mandanten-Kategorien (GmbHs, Freiberufler, Immobilien).

ğŸ‘‰ Zum Tipp: https://taxki.elinalesyk.com/2

Bis morgen!","<p>Claude Projects speichert dauerhaft bis zu 200.000 Tokens Kontext. Das entspricht etwa 500 Seiten Fachliteratur.</p>

<h3>Setup fÃ¼r Steuerberater:</h3>
<ol>
<li>Erstelle ein Projekt ""Steuerrecht 2025""</li>
<li>Lade hoch: Aktuelle EStG-Ã„nderungen, relevante BMF-Schreiben, eure Mandantenrundschreiben-Vorlagen</li>
<li>Setze diese System Instructions:</li>
</ol>

<pre><code>Du bist ein deutscher Steuerberater-Assistent.

Beantworte Fragen unter Bezugnahme auf die hochgeladenen aktuellen Rechtsquellen.

Zitiere immer relevante Â§Â§ und BMF-Schreiben.

Antworte strukturiert mit:
- Rechtsgrundlage
- Anwendung
- Praktisches Beispiel</code></pre>

<p><strong>Power-Move:</strong> Erstelle separate Projekte fÃ¼r verschiedene Mandanten-Kategorien (GmbHs, Freiberufler, Immobilien).</p>

<p>ğŸ’° <strong>Kosten:</strong> Claude Pro ab $20/Monat erforderlich</p>
<p>ğŸ”’ <strong>DSGVO:</strong> Anthropic speichert Daten in den USA. Keine sensiblen Mandantendaten hochladen. FÃ¼r DSGVO-kritische Anwendungen Claude Enterprise mit EU-Hosting prÃ¼fen.</p>"
3,"DATEV KI-Werkstatt â€“ Das kennen die wenigsten","Konkrete FÃ¤lle und Prompts","ğŸ„ TÃ¼rchen 3: Kostenlose DATEV KI-Tools","TÃ¼rchen 3 ist offen! ğŸ„

Heute: DATEV bietet kostenlose KI-Tools fÃ¼r Mitglieder â€“ die meisten nutzen sie nicht.

Der Einspruchsgenerator analysiert deinen Sachverhalt und generiert professionelle Einspruch-EntwÃ¼rfe inkl. Â§Â§-Verweise und BFH-Zitate.

ğŸ‘‰ Zum Tipp: https://taxki.elinalesyk.com/3

Bis morgen!","<p>DATEV bietet kostenlose KI-Tools fÃ¼r Mitglieder. Die meisten nutzen sie nicht.</p>

<h3>Der Einspruchsgenerator:</h3>
<ul>
<li>DATEV Portal â†’ KI-Werkstatt â†’ Einspruchsgenerator</li>
<li>Analysiert deinen Sachverhalt</li>
<li>Identifiziert relevante Rechtsprechung</li>
<li>Generiert professionellen Einspruch-Entwurf</li>
<li>Inkl. Â§Â§-Verweise und BFH-Zitate</li>
</ul>

<h3>Frag LEA:</h3>
<ul>
<li>Ebenfalls kostenlos fÃ¼r DATEV-Mitglieder</li>
<li>Durchsucht ~4.200 indexierte LEXinform-Dokumente</li>
<li>Perfekt fÃ¼r Recherche und Argumentationssuche</li>
</ul>

<p>ğŸ’° <strong>Kosten:</strong> Kostenlos fÃ¼r DATEV-Mitglieder</p>
<p>ğŸ”’ <strong>DSGVO:</strong> DATEV-konform, deutsche Server</p>"
4,"So funktioniert der DATEV Automatisierungsservice richtig","KI Automatisierung in der Fibu","ğŸ„ TÃ¼rchen 4: DATEV Automatisierungsservice optimieren","TÃ¼rchen 4 ist offen! ğŸ„

Heute: Viele Kanzleien nutzen den DATEV Automatisierungsservice â€“ wenige nutzen ihn richtig.

Inkl. Video-Empfehlung mit Best Practices fÃ¼r maximale Erkennungsrate.

ğŸ‘‰ Zum Tipp: https://taxki.elinalesyk.com/4

Bis morgen!","<p>Viele Kanzleien nutzen den DATEV Automatisierungsservice. Wenige nutzen ihn richtig.</p>

<h3>Video-Empfehlung:</h3>
<p>ğŸ“º <a href=""https://www.youtube.com/watch?v=bdkSiLXNylA"">So setzt du den DATEV Automatisierungsservice richtig ein</a></p>

<h3>Was du im Video lernst:</h3>
<ul>
<li>Optimale Einrichtung fÃ¼r maximale Erkennungsrate</li>
<li>HÃ¤ufige Fehler bei der Konfiguration</li>
<li>Best Practices aus der Praxis</li>
<li>Tipps zur QualitÃ¤tskontrolle</li>
</ul>

<h3>Der Automatisierungsservice Bank (seit August 2024):</h3>
<ul>
<li>Analysiert Banktransaktionsdaten</li>
<li>SchlÃ¤gt BuchungssÃ¤tze vor</li>
<li>Lernt aus euren Korrekturen</li>
<li>Aktuell von 5.500+ Kanzleien genutzt</li>
</ul>

<h3>Best Practices:</h3>
<ol>
<li>Starte mit wiederkehrenden Standardbuchungen</li>
<li>PrÃ¼fe KI-VorschlÃ¤ge 2-4 Wochen intensiv</li>
<li>Gib Feedback zur Verbesserung</li>
<li>Erweitere schrittweise auf weitere Kategorien</li>
</ol>

<p>ğŸ’° <strong>Kosten:</strong> Teil der DATEV-Lizenz</p>
<p>ğŸ”’ <strong>DSGVO:</strong> DATEV-konform, deutsche Rechenzentren</p>"
5,"Wie funktioniert KI-Belegerkennung?","KI Automatisierung in der Fibu","ğŸ„ TÃ¼rchen 5: Die Technik hinter Belegerkennung","TÃ¼rchen 5 ist offen! ğŸ„

Heute: Anbieter wie Finmatics, GetMyInvoices oder Candis nutzen KI fÃ¼r Belegerkennung â€“ aber wie funktioniert das eigentlich?

ğŸ‘‰ Zum Tipp: https://taxki.elinalesyk.com/5

Bis morgen!","<p>Anbieter wie Finmatics, GetMyInvoices oder Candis nutzen KI fÃ¼r Belegerkennung. Aber wie funktioniert das eigentlich?</p>

<h3>Die Technologie dahinter:</h3>

<p><strong>1. OCR (Optical Character Recognition)</strong></p>
<ul>
<li>Wandelt Bildpixel in Text um</li>
<li>Erkennt Schriftarten und Layouts</li>
</ul>

<p><strong>2. Machine Learning Klassifikation</strong></p>
<ul>
<li>Unterscheidet Rechnungen von Lieferscheinen, KontoauszÃ¼gen etc.</li>
<li>Lernt aus euren Korrekturen</li>
</ul>

<p><strong>3. Named Entity Recognition</strong></p>
<ul>
<li>Findet automatisch: Rechnungsnummer, Datum, Betrag, USt-Satz</li>
<li>Erkennt Kreditor anhand von Mustern</li>
</ul>

<p><strong>4. Buchungsvorschlag-Engine</strong></p>
<ul>
<li>Analysiert historische Buchungen</li>
<li>SchlÃ¤gt Konten basierend auf Mustern vor</li>
</ul>

<h3>Typische Erkennungsraten:</h3>
<ul>
<li>Standardbelege: 90-99%</li>
<li>Komplexe Belege: 70-85%</li>
<li>Split-Buchungen: 60-80%</li>
</ul>

<h3>Bei der Auswahl achten auf:</h3>
<ul>
<li>DATEV-Integration (DUO, Buchungsdatenservice)</li>
<li>DSGVO-KonformitÃ¤t (EU-Server, ISO 27001)</li>
<li>LernfÃ¤higkeit aus Korrekturen</li>
<li>Preis pro Beleg vs. Flatrate</li>
</ul>

<p>ğŸ’° <strong>Kosten:</strong> Variiert stark (ab ~0,10â‚¬/Beleg bis Flatrate-Modelle)</p>
<p>ğŸ”’ <strong>DSGVO:</strong> Unbedingt auf EU-Hosting und Auftragsverarbeitungsvertrag (AVV) achten!</p>"
6,"n8n â€“ DSGVO-konforme E-Mail-Automatisierung","Automatisierung","ğŸ„ TÃ¼rchen 6: E-Mail-Automatisierung fÃ¼r BerufsgeheimnistrÃ¤ger","TÃ¼rchen 6 ist offen! ğŸ„

Heute: n8n ist Open Source und kann auf eigenen Servern laufen â€“ perfekt fÃ¼r BerufsgeheimnistrÃ¤ger.

Zeitersparnis: 5-10 Stunden pro Woche pro Postfach.

ğŸ‘‰ Zum Tipp: https://taxki.elinalesyk.com/6

Bis morgen!","<p>n8n ist Open Source und kann auf eigenen Servern laufen. Perfekt fÃ¼r BerufsgeheimnistrÃ¤ger.</p>

<h3>Beispiel-Workflow: Intelligente E-Mail-Triage</h3>

<pre><code>Outlook-Trigger (neue E-Mail)
    â†“
KI-Klassifikation (OpenAI API oder Claude)
    â†“
Kategorisierung:
- Frist-kritisch
- Dokument-Anforderung  
- Allgemeine Anfrage
- Spam
    â†“
PrioritÃ¤ts-Routing
    â†“
KI-Entwurf einer Antwort
    â†“
Teams/Slack-Alert bei Dringlichem
    â†“
Entwurf zur menschlichen PrÃ¼fung speichern</code></pre>

<h3>Warum n8n statt Zapier/Make?</h3>
<ul>
<li>VollstÃ¤ndiges Self-Hosting mÃ¶glich</li>
<li>Mandantendaten verlassen nie eure Infrastruktur</li>
<li>Perfekt fÃ¼r Berufsgeheimnis-Compliance</li>
</ul>

<p><strong>Zeitersparnis:</strong> 5-10 Stunden pro Woche pro Postfach (Erfahrungswerte)</p>
<p><strong>Aufwand:</strong> Mittel (2-4 Stunden Basis-Setup, 1 Woche fÃ¼r volle Anpassung)</p>

<p>ğŸ’° <strong>Kosten:</strong> Self-Hosted kostenlos, Cloud ab 20â‚¬/Monat</p>
<p>ğŸ”’ <strong>DSGVO:</strong> Bei Self-Hosting volle Kontrolle. Bei Cloud-Version auf EU-Region achten.</p>"
7,"Excel Copilot + Python â€“ Anomalien in BWAs finden","MS365 / Copilot","ğŸ„ TÃ¼rchen 7: BWA-Anomalien automatisch finden","TÃ¼rchen 7 ist offen! ğŸ„

Heute: Seit November 2024 kann Excel Copilot Python nutzen â€“ fÃ¼r fortgeschrittene Analysen ohne Programmierkenntnisse.

ğŸ‘‰ Zum Tipp: https://taxki.elinalesyk.com/7

Bis morgen!","<p>Seit November 2024 kann Excel Copilot Python nutzen. FÃ¼r fortgeschrittene Analysen ohne Programmierkenntnisse.</p>

<h3>Setup:</h3>
<ol>
<li>BWA/Summen-und-Saldenliste in Excel Ã¶ffnen</li>
<li>Als Tabelle formatieren</li>
<li>In OneDrive speichern</li>
</ol>

<h3>Power-Prompt:</h3>

<pre><code>Start with Think Deeper to do Python analysis.

Analysiere diese Finanzdaten auf AusreiÃŸer und Anomalien.

Markiere alle Positionen mit Jahr-zu-Jahr-Abweichung Ã¼ber 20%.

Erstelle eine visuelle Heatmap der signifikantesten VerÃ¤nderungen.

Fasse die Ergebnisse zusammen.</code></pre>

<h3>Was du bekommst:</h3>
<ul>
<li>Statistische AusreiÃŸer-Erkennung</li>
<li>Professionelle Visualisierungen (Heatmaps)</li>
<li>Zusammenfassung verdÃ¤chtiger Muster</li>
<li>Konkrete GesprÃ¤chspunkte fÃ¼r Mandanten</li>
</ul>

<p><strong>TastenkÃ¼rzel:</strong> ""analyze with Python"" erzwingt Python-Modus</p>

<p>ğŸ’° <strong>Kosten:</strong> Microsoft 365 Copilot Lizenz (~30â‚¬/Monat pro Nutzer)</p>
<p>ğŸ”’ <strong>DSGVO:</strong> Microsoft 365 DSGVO-konform bei EU-Tenant. Keine Datennutzung fÃ¼r KI-Training bei Enterprise.</p>"
8,"NotebookLM â€“ BMF-Schreiben als Podcast","Inspiration und Fortbildung","ğŸ„ TÃ¼rchen 8: Steuerrecht zum AnhÃ¶ren","TÃ¼rchen 8 ist offen! ğŸ„

Heute: Verwandle trockene Gesetzestexte in unterhaltsame Audio-Diskussionen. Perfekt fÃ¼r die Weiterbildung wÃ¤hrend der Autofahrt.

ğŸ‘‰ Zum Tipp: https://taxki.elinalesyk.com/8

Bis morgen!","<p>Verwandle trockene Gesetzestexte in unterhaltsame Audio-Diskussionen. Perfekt fÃ¼r die Weiterbildung wÃ¤hrend der Autofahrt.</p>

<h3>So erstellst du einen Audio-Ãœberblick:</h3>
<ol>
<li>Lade PDF zu NotebookLM hoch (Google-Konto nÃ¶tig)</li>
<li>Klicke auf ""Audio Overview"" im Studio-Panel</li>
<li>Warte 5-10 Minuten</li>
<li>Lade herunter und teile mit dem Team</li>
</ol>

<h3>Anpassungsoptionen (seit Oktober 2024):</h3>
<ul>
<li>""Fokussiere auf praktische Auswirkungen fÃ¼r mittelstÃ¤ndische Mandanten""</li>
<li>""ErklÃ¤re wie fÃ¼r eine Junior-Steuerfachangestellte""</li>
<li>Funktioniert auf Deutsch mit natÃ¼rlich klingenden Stimmen</li>
</ul>

<p><strong>Anwendungsidee:</strong> Erstelle Audio-Briefings zu jeder wichtigen SteuerÃ¤nderung. Neue Mitarbeiter kÃ¶nnen ein ganzes Jahr an Updates nachhÃ¶ren.</p>

<p>ğŸ’° <strong>Kosten:</strong> Komplett kostenlos</p>
<p>ğŸ”’ <strong>DSGVO:</strong> Google-Dienst, US-Server. Keine vertraulichen Mandantendaten hochladen. Nur Ã¶ffentliche Dokumente wie Gesetze, BMF-Schreiben etc.</p>"
9,"Perplexity Spaces â€“ Kollaborative Recherche-Hubs","Large Language Models","ğŸ„ TÃ¼rchen 9: Recherche-Hubs fÃ¼r komplexe FÃ¤lle","TÃ¼rchen 9 ist offen! ğŸ„

Heute: Erstelle dedizierte Recherche-Umgebungen fÃ¼r komplexe Mandantensituationen â€“ mit bis zu 50 Dateien und Teamzugang.

ğŸ‘‰ Zum Tipp: https://taxki.elinalesyk.com/9

Bis morgen!","<p>Erstelle dedizierte Recherche-Umgebungen fÃ¼r komplexe Mandantensituationen.</p>

<h3>Setup fÃ¼r einen GroÃŸmandanten:</h3>
<ol>
<li>Erstelle einen Space ""Mandant ABC â€“ Umstrukturierung 2025""</li>
<li>Lade hoch: Gesellschaftsvertrag, Vorjahresbescheide, BWA (bis zu 50 Dateien)</li>
<li>Setze Custom Instructions:</li>
</ol>

<pre><code>Agiere als deutscher Steuerberater spezialisiert auf Umstrukturierungen.

Zitiere immer relevante Â§Â§ aus UmwStG, UmwG und EStG.

Fokussiere auf steueroptimale Gestaltungsoptionen.</code></pre>

<ol start=""4"">
<li>WÃ¤hle KI-Modell (GPT-4o, Claude 3.5, DeepSeek R1)</li>
<li>Lade bis zu 10 Kollegen ein</li>
</ol>

<p><strong>Power-Feature:</strong> Perplexity durchsucht gleichzeitig eure hochgeladenen Dateien UND das Web.</p>

<p>ğŸ’° <strong>Kosten:</strong> Kostenlos bis zu 3 Spaces, 50 Dateien pro Space. Pro ($20/Monat) fÃ¼r unbegrenzte Spaces.</p>
<p>ğŸ”’ <strong>DSGVO:</strong> US-Anbieter. FÃ¼r sensible Mandantendaten nicht geeignet. Ideal fÃ¼r allgemeine Recherche mit anonymisierten Szenarien.</p>"
10,"Der ""Financial Controller"" Prompt fÃ¼r Mandanten","Konkrete FÃ¤lle und Prompts","ğŸ„ TÃ¼rchen 10: Ein Geschenk fÃ¼r deine Mandanten","TÃ¼rchen 10 ist offen! ğŸ„

Heute: Ein Prompt zum Weitergeben an Mandanten â€“ hilft bei der Selbstanalyse ihrer Finanzen.

Mandanten kommen besser vorbereitet, du kannst hÃ¶here BeratungsqualitÃ¤t bieten.

ğŸ‘‰ Zum Tipp: https://taxki.elinalesyk.com/10

Bis morgen!","<p>Biete deinen Mandanten diesen Prompt als Mehrwert an. Hilft bei der Selbstanalyse ihrer Finanzen.</p>

<h3>Der Prompt (zum Weitergeben):</h3>

<pre><code>Du bist mein persÃ¶nlicher Financial Controller.

Ich gebe dir meine monatlichen Einnahmen und Ausgaben.

Analysiere sie nach diesen Kriterien:

1. Cashflow-Ãœbersicht
   - Gesamteinnahmen vs. Gesamtausgaben
   - Netto-Cashflow

2. Kostenstruktur
   - Fixkosten vs. variable Kosten
   - Top 5 Kostenpositionen

3. AuffÃ¤lligkeiten
   - UngewÃ¶hnliche Schwankungen
   - Positionen Ã¼ber/unter Branchendurchschnitt

4. Handlungsempfehlungen
   - Konkrete Einsparungspotenziale
   - OptimierungsvorschlÃ¤ge

5. Kennzahlen
   - Kostenquote
   - LiquiditÃ¤tsreserve in Monaten

Antworte strukturiert und verstÃ¤ndlich.
Stelle RÃ¼ckfragen, wenn Informationen fehlen.</code></pre>

<h3>Anwendung fÃ¼r Mandanten:</h3>
<ul>
<li>In ChatGPT, Claude oder Gemini einfÃ¼gen</li>
<li>Eigene Zahlen angeben</li>
<li>Monatlich wiederholen fÃ¼r Trend-Analyse</li>
</ul>

<h3>Mehrwert fÃ¼r die Kanzlei:</h3>
<ul>
<li>Mandanten kommen besser vorbereitet</li>
<li>HÃ¶here BeratungsqualitÃ¤t mÃ¶glich</li>
<li>Positionierung als innovative Kanzlei</li>
</ul>

<p>ğŸ’° <strong>Kosten fÃ¼r Mandanten:</strong> Kostenlos mit ChatGPT/Gemini Free</p>
<p>ğŸ”’ <strong>DSGVO-Hinweis fÃ¼r Mandanten:</strong> Keine Klarnamen oder identifizierenden Daten eingeben. Nur anonymisierte Zahlen verwenden.</p>"
11,"Dein Kanzlei-Tone-of-Voice als Custom GPT","Strategie und FÃ¼hrung","ğŸ„ TÃ¼rchen 11: Konsistente Kommunikation per KI","TÃ¼rchen 11 ist offen! ğŸ„

Heute: Erstelle einen Custom GPT mit eurem Kanzlei-Kommunikationsstil. Einmal einrichten, immer nutzen.

ğŸ‘‰ Zum Tipp: https://taxki.elinalesyk.com/11

Bis morgen!","<p>Konsistente Kommunikation Ã¼ber alle KanÃ¤le. Einmal einrichten, immer nutzen.</p>

<h3>Warum das wichtig ist:</h3>
<ul>
<li>Wiedererkennungswert bei Mandanten</li>
<li>Einheitliche QualitÃ¤t bei allen Mitarbeitern</li>
<li>Schnellere Texterstellung</li>
</ul>

<h3>So erstellst du einen Custom GPT:</h3>
<ol>
<li>Ã–ffne chat.openai.com â†’ ""Create a GPT""</li>
<li>Beschreibe deinen Kommunikationsstil:</li>
</ol>

<pre><code>Name: [Kanzleiname] Schreibassistent

Instruktionen:

Du schreibst Texte im Stil der Kanzlei [Name].

TONALITÃ„T:
- Professionell aber nicht steif
- Klar und verstÃ¤ndlich  
- PersÃ¶nlich und nahbar
- Kompetent ohne zu belehren

FORMATIERUNG:
- Kurze AbsÃ¤tze (max. 3 SÃ¤tze)
- Aktive Sprache
- Keine Floskeln wie ""Gerne"" am Satzanfang
- Konkrete Beispiele statt abstrakter Formulierungen

BESONDERHEITEN:
- Wir siezen Mandanten
- Wir nutzen ""Sie"" statt ""Ihnen"" wenn mÃ¶glich
- Wir vermeiden Anglizismen
- [Weitere kanzleispezifische Regeln]

BEISPIELE GUTER TEXTE:
[Hier 2-3 Beispiel-E-Mails oder Texte einfÃ¼gen, die den Stil zeigen]</code></pre>

<ol start=""3"">
<li>Teste mit verschiedenen Aufgaben</li>
<li>Teile mit dem Team</li>
</ol>

<p><strong>Alternative fÃ¼r Gemini:</strong> Gemini Gems funktionieren Ã¤hnlich (Google One AI Premium nÃ¶tig)</p>

<p>ğŸ’° <strong>Kosten:</strong> ChatGPT Plus ($20/Monat) fÃ¼r Custom GPTs</p>
<p>ğŸ”’ <strong>DSGVO:</strong> Keine Mandantendaten in den Trainingsdaten. Nur allgemeine Stilbeispiele nutzen.</p>"
12,"Professionelle KI-Fotos fÃ¼rs Team","Allgemein","ğŸ„ TÃ¼rchen 12: Team-Headshots ohne Fotoshooting","TÃ¼rchen 12 ist offen! ğŸ„

Heute: Professionelle Headshots ohne teures Fotoshooting â€“ fÃ¼r Website, LinkedIn, E-Mail-Signaturen.

Ab ~25â‚¬ pro Person.

ğŸ‘‰ Zum Tipp: https://taxki.elinalesyk.com/12

Bis morgen!","<p>Professionelle Headshots ohne teures Fotoshooting. FÃ¼r Website, LinkedIn, E-Mail-Signaturen.</p>

<h3>Top-Anbieter im Vergleich:</h3>

<table>
<tr><th>Tool</th><th>Preis</th><th>Output</th><th>Am besten fÃ¼r</th></tr>
<tr><td>HeadshotPro</td><td>$29-59</td><td>40-200 Bilder</td><td>Studio-QualitÃ¤t</td></tr>
<tr><td>Aragon AI</td><td>$35-75</td><td>40+ Bilder</td><td>Vielfalt (BÃ¼ro, Outdoor)</td></tr>
<tr><td>Dreamwave</td><td>ab $35</td><td>Hohe QualitÃ¤t</td><td>Premium-Look</td></tr>
</table>

<h3>So funktioniert's:</h3>
<ol>
<li>12-15 verschiedene Fotos hochladen (unterschiedliche Winkel, Licht)</li>
<li>Hintergrund und Kleidung wÃ¤hlen</li>
<li>Nach 1-2 Stunden Ergebnisse erhalten</li>
<li>Beste auswÃ¤hlen und nutzen</li>
</ol>

<p><strong>Ethik-Hinweis:</strong> ErwÃ¤ge einen Disclaimer auf der Website wie ""KI-optimiertes Professionell-Foto"".</p>

<p>ğŸ’° <strong>Kosten:</strong> Ab ~25â‚¬ pro Person</p>
<p>ğŸ”’ <strong>DSGVO:</strong> HeadshotPro und Aragon sind SOC 2 Type II zertifiziert. AES-256 VerschlÃ¼sselung. Bilder werden nach Lieferung gelÃ¶scht (je nach Anbieter prÃ¼fen).</p>"
13,"Copilot in Teams â€“ Nie wieder Action Items vergessen","MS365 / Copilot","ğŸ„ TÃ¼rchen 13: Meeting-SuperkrÃ¤fte mit Copilot","TÃ¼rchen 13 ist offen! ğŸ„

Heute: Copilot in Teams kann mehr als nur Zusammenfassungen â€“ inkl. der neuen Audio-Recaps als Podcast.

ğŸ‘‰ Zum Tipp: https://taxki.elinalesyk.com/13

Bis morgen!","<p>Mehr als nur Meeting-Zusammenfassungen.</p>

<h3>WÃ¤hrend des Meetings:</h3>
<pre><code>Welche Entscheidungen wurden bisher zu [Thema] getroffen?</code></pre>

<h3>Nach dem Meeting:</h3>
<pre><code>Erstelle Action Items aus diesem Meeting.

Organisiere nach verantwortlicher Person.

Schlage Deadlines basierend auf der Diskussion vor.</code></pre>

<h3>Zu spÃ¤t dazugekommen (5+ Minuten):</h3>
<p>Copilot bietet automatisch an: ""Soll ich zusammenfassen, was du verpasst hast?""</p>

<h3>NEU 2024/2025: Audio-Recaps</h3>
<ul>
<li>Podcast-artige Meeting-Zusammenfassungen</li>
<li>Verschiedene Stile wÃ¤hlbar</li>
<li>KI-Stimmen diskutieren den Meeting-Inhalt</li>
</ul>

<p><strong>Pro-Tipp:</strong> Tabellen direkt nach Excel, lange Antworten nach Word exportieren.</p>

<p>ğŸ’° <strong>Kosten:</strong> Microsoft 365 Copilot Lizenz (~30â‚¬/Monat)</p>
<p>ğŸ”’ <strong>DSGVO:</strong> EU-Tenant vorausgesetzt DSGVO-konform. Transkription auf EU-Servern.</p>"
14,"Ideogram â€“ Endlich korrekter deutscher Text in KI-Bildern","Inspiration und Fortbildung","ğŸ„ TÃ¼rchen 14: KI-Bilder mit korrektem Deutsch","TÃ¼rchen 14 ist offen! ğŸ„

Heute: DALL-E und Midjourney verhunzen deutschen Text â€“ Ideogram kann's besser. 15% niedrigere Textfehlerrate.

ğŸ‘‰ Zum Tipp: https://taxki.elinalesyk.com/14

Bis morgen!","<p>DALL-E und Midjourney verhunzen deutschen Text. Ideogram kann's besser.</p>

<h3>Beispiel-Prompt:</h3>

<pre><code>Professional poster design for tax advisory firm.

Text: ""Steuertipps 2025"" in elegant serif font.

Corporate blue and gold colors.

Clean minimalist design.

Suitable for newsletter header.</code></pre>

<h3>Warum das wichtig ist:</h3>
<p>Andere KI-Bildtools erzeugen oft Buchstabensalat bei deutschen WÃ¶rtern mit Umlauten. Ideogram v3.0 hat eine 15% niedrigere Textfehlerrate als Wettbewerber.</p>

<h3>Perfekt fÃ¼r:</h3>
<ul>
<li>Gebrandete Banner</li>
<li>Social-Media-Grafiken mit deutschen Headlines</li>
<li>Fristenhinweis-Bilder mit korrekten Daten</li>
</ul>

<p>ğŸ’° <strong>Kosten:</strong> Kostenlos: 10 Bilder/Tag, Basic: $7/Monat, Plus: $16/Monat</p>
<p>ğŸ”’ <strong>DSGVO:</strong> US-Anbieter. Nur fÃ¼r Marketing-Material ohne personenbezogene Daten.</p>"
15,"Die Prompt-Bibliothek fÃ¼r Steuerthemen","Konkrete FÃ¤lle und Prompts","ğŸ„ TÃ¼rchen 15: Battle-getestete Steuer-Prompts","TÃ¼rchen 15 ist offen! ğŸ„

Heute: Drei battle-getestete Prompts zum Kopieren â€“ fÃ¼r steuerliche Analyse, mandantenfreundliche ErklÃ¤rungen und Einspruch-Vorbereitung.

ğŸ‘‰ Zum Tipp: https://taxki.elinalesyk.com/15

Bis morgen!","<p>Battle-getestete Prompts zum Kopieren.</p>

<h3>Steuerliche Analyse:</h3>
<pre><code>Du bist ein erfahrener deutscher Steuerberater.

Analysiere folgenden Sachverhalt unter BerÃ¼cksichtigung des aktuellen deutschen Steuerrechts 2025:

[SACHVERHALT HIER EINFÃœGEN]

Strukturiere deine Antwort:

1. Steuerliche Einordnung mit relevanten Â§Â§
2. Aktuelle BFH-Rechtsprechung
3. Gestaltungsoptionen
4. Praktische Handlungsempfehlung</code></pre>

<h3>Mandantenfreundliche ErklÃ¤rung:</h3>
<pre><code>ErklÃ¤re [KOMPLEXES THEMA] so, dass ein Mandant ohne steuerliche Vorkenntnisse es verstehen kann.

Verwende Alltagssprache.

Gib ein konkretes Zahlenbeispiel.

Vermeide Fachbegriffe.

Maximal 150 WÃ¶rter.</code></pre>

<h3>Einspruch-Vorbereitung:</h3>
<pre><code>Analysiere die Erfolgsaussichten eines Einspruchs.

Bescheid-Art: [BESCHEID-ART]
Datum: [DATUM]
Streitpunkt: [SACHVERHALT]

BerÃ¼cksichtige aktuelle BFH-Rechtsprechung.

Bewerte das Prozessrisiko auf einer Skala von 1-10.

BegrÃ¼nde deine EinschÃ¤tzung.</code></pre>

<p>ğŸ’° <strong>Kosten:</strong> Nutzbar mit jedem LLM (auch kostenlose Versionen)</p>
<p>ğŸ”’ <strong>DSGVO:</strong> Keine echten Mandantennamen oder identifizierenden Details eingeben. Immer anonymisieren.</p>"
16,"Das AI-Champion-Modell fÃ¼r die Kanzlei","Strategie und FÃ¼hrung","ğŸ„ TÃ¼rchen 16: So gelingt KI-EinfÃ¼hrung wirklich","TÃ¼rchen 16 ist offen! ğŸ„

Heute: 87% der KI-Projekte scheitern â€“ nicht an der Technologie, sondern an der EinfÃ¼hrung. Das AI-Champion-Modell hilft.

ğŸ‘‰ Zum Tipp: https://taxki.elinalesyk.com/16

Bis morgen!","<p>87% der KI-Projekte scheitern. Nicht an der Technologie. An der EinfÃ¼hrung.</p>

<h3>Die LÃ¶sung: AI Champions</h3>

<h3>Umsetzung:</h3>
<ol>
<li><strong>Identifiziere 2-3 begeisterte Early Adopter</strong> â€“ Oft jÃ¼ngere Mitarbeiter, aber nicht immer. Neugier wichtiger als Alter.</li>
<li><strong>Gib ihnen dedizierte Lernzeit</strong> â€“ 2-4 Stunden pro Woche fÃ¼r Experimente. Keine Rechtfertigung nÃ¶tig.</li>
<li><strong>Etabliere ""Reverse Mentoring""</strong> â€“ Champions schulen Partner und erfahrene Kollegen. Hierarchie-Umkehr normalisieren.</li>
<li><strong>Anerkennung</strong> â€“ KI-Kompetenz in MitarbeitergesprÃ¤che aufnehmen. Erfolge sichtbar machen.</li>
<li><strong>Wissenstransfer</strong> â€“ WÃ¶chentlich 5-Minuten-Showcase: ""Das habe ich diese Woche mit KI gelÃ¶st""</li>
</ol>

<h3>Warum das funktioniert:</h3>
<p>Peer-Learning ist 3x effektiver als Top-Down-Schulungen. Kollegen vertrauen anderen, die dieselben tÃ¤glichen Herausforderungen haben.</p>

<h3>Erkenntnis aus Studien:</h3>
<ul>
<li>Mit KI-Policy: 84% positive Einstellung zur KI-Nutzung</li>
<li>Ohne Policy: Nur 44% positive Einstellung</li>
</ul>

<p>ğŸ’° <strong>Kosten:</strong> Nur investierte Arbeitszeit</p>"
17,"Gamma â€“ MandantenprÃ¤sentationen neu gedacht","Allgemein","ğŸ„ TÃ¼rchen 17: PrÃ¤sentationen ohne PowerPoint-Qual","TÃ¼rchen 17 ist offen! ğŸ„

Heute: Gamma erstellt moderne, interaktive PrÃ¤sentationen aus deinem Text â€“ mit Ein-Klick-Styling und Engagement-Analytics.

ğŸ‘‰ Zum Tipp: https://taxki.elinalesyk.com/17

Bis morgen!","<p>Moderne, interaktive PrÃ¤sentationen ohne PowerPoint-Qual.</p>

<h3>Workflow:</h3>
<ol>
<li>Analyse-Text einfÃ¼gen oder Dokument hochladen</li>
<li>KI generiert automatisch Folienstruktur</li>
<li>Ein-Klick-Styling nach Kanzlei-Branding</li>
<li>Interaktive Elemente hinzufÃ¼gen</li>
<li>Als Web-Link teilen</li>
</ol>

<h3>Warum das besser ist:</h3>
<ul>
<li>Mobil-optimierte Ansicht</li>
<li>Interaktive Charts (Mandanten kÃ¶nnen explorieren)</li>
<li>Eingebaute Engagement-Analytics</li>
<li>Professionell ohne Design-Skills</li>
</ul>

<p><strong>Anwendung:</strong> Verwandle die Standard-Jahresabschluss-PrÃ¤sentation in ein interaktives Erlebnis, das Mandanten in Erinnerung bleibt.</p>

<p>ğŸ’° <strong>Kosten:</strong> Kostenlos: Basis-Funktionen, Plus: 8â‚¬/Monat, Pro: 15â‚¬/Monat</p>
<p>ğŸ”’ <strong>DSGVO:</strong> US-Anbieter. FÃ¼r MandantenprÃ¤sentationen anonymisierte Beispiele verwenden oder Einwilligung einholen.</p>"
18,"ChatGPT Canvas â€“ Track Changes fÃ¼r KI","Large Language Models","ğŸ„ TÃ¼rchen 18: Dokumentenbearbeitung wie in Word","TÃ¼rchen 18 ist offen! ğŸ„

Heute: Canvas verwandelt ChatGPT in einen Dokumenten-Editor â€“ wie Word mit Track Changes. Perfekt fÃ¼r Mandantenrundschreiben.

ğŸ‘‰ Zum Tipp: https://taxki.elinalesyk.com/18

Bis morgen!","<p>Canvas verwandelt ChatGPT in einen Dokumenten-Editor. Wie Word mit Track Changes.</p>

<h3>So aktivierst du es:</h3>
<p>Tippe <code>/canvas</code> oder sage ""use canvas"" in deinem Prompt.</p>

<h3>Power-Features:</h3>
<ul>
<li><strong>Inline-Bearbeitung:</strong> Text markieren, Rechtsklick fÃ¼r gezielte KI-Hilfe</li>
<li><strong>Ã„nderungen anzeigen:</strong> Alle KI-Modifikationen in Diff-Ansicht (wie Track Changes)</li>
<li><strong>Leseniveau anpassen:</strong> Slider fÃ¼r ""mandantenfreundliche Sprache""</li>
<li><strong>Export:</strong> PDF, Word (.docx), Markdown</li>
</ul>

<h3>Anwendung fÃ¼r Steuertexte:</h3>
<ol>
<li>Entwirf ein Mandantenrundschreiben</li>
<li>Nutze Canvas um:
  <ul>
  <li>Technische Sprache zu vereinfachen</li>
  <li>Beispiele hinzuzufÃ¼gen</li>
  <li>LÃ¤nge anzupassen</li>
  <li>Alle Ã„nderungen nachzuverfolgen</li>
  </ul>
</li>
</ol>

<p><strong>NEU:</strong> Canvas funktioniert jetzt mit Custom GPTs.</p>

<p>ğŸ’° <strong>Kosten:</strong> ChatGPT Plus ($20/Monat)</p>
<p>ğŸ”’ <strong>DSGVO:</strong> Keine echten Mandantendaten. Nur anonymisierte EntwÃ¼rfe.</p>"
19,"Haufe CoPilot Tax â€“ E-Mails aus der Fachliteratur","Konkrete FÃ¤lle und Prompts","ğŸ„ TÃ¼rchen 19: Haufe-Wissen in deinen E-Mails","TÃ¼rchen 19 ist offen! ğŸ„

Heute: Wenn eure Kanzlei Haufe Steuer Office nutzt â€“ CoPilot Tax ist inklusive und basiert auf echtem Haufe-Content.

ğŸ‘‰ Zum Tipp: https://taxki.elinalesyk.com/19

Bis morgen!","<p>Wenn eure Kanzlei Haufe Steuer Office nutzt: CoPilot Tax ist inklusive.</p>

<h3>Beispiel-Prompt:</h3>
<pre><code>Formuliere mir eine E-Mail an meinen Mandanten.

ErklÃ¤re, warum die Kleinunternehmerregelung nach Â§ 19 UStG fÃ¼r sein neues Nebengewerbe vorteilhaft sein kÃ¶nnte.

Er ist IT-Berater mit voraussichtlich 15.000â‚¬ Umsatz im ersten Jahr.</code></pre>

<h3>Was CoPilot Tax besonders macht:</h3>
<ul>
<li>Basiert auf echtem Haufe-Content (Kommentare, HandbÃ¼cher)</li>
<li>Zitate sind zu Quelldokumenten verlinkt</li>
<li>Optimiert fÃ¼r deutsche Steuersprache</li>
<li>Daten bleiben in der EU</li>
<li>Nicht fÃ¼r KI-Training genutzt</li>
</ul>

<h3>Verfeinern mit Follow-ups:</h3>
<pre><code>Mache den Ton etwas persÃ¶nlicher.</code></pre>
<pre><code>FÃ¼ge einen Hinweis zur OptionserklÃ¤rung hinzu.</code></pre>

<p>ğŸ’° <strong>Kosten:</strong> Im Haufe Steuer Office enthalten</p>
<p>ğŸ”’ <strong>DSGVO:</strong> EU-Server, DSGVO-konform, keine Datennutzung fÃ¼r Training.</p>"
20,"Die ""AI Sandbox"" fÃ¼r sichere Experimente","Projekt- und Changemanagement","ğŸ„ TÃ¼rchen 20: KI sicher testen vor dem Rollout","TÃ¼rchen 20 ist offen! ğŸ„

Heute: Bevor ihr KI kanzleiweit ausrollt â€“ so baut ihr eine kontrollierte Testumgebung. Kanzleien, die pilotieren, erreichen 3x hÃ¶here Adoptionsraten.

ğŸ‘‰ Zum Tipp: https://taxki.elinalesyk.com/20

Bis morgen!","<p>Bevor ihr KI kanzleiweit ausrollt: Kontrollierte Testumgebung.</p>

<h3>Umsetzungsschritte:</h3>
<ol>
<li><strong>Plattform wÃ¤hlen</strong> â€“ ChatGPT Enterprise, Microsoft 365 Copilot, Claude Teams (Nicht kostenlose Versionen!)</li>
<li><strong>Grenzen definieren</strong> â€“ Anonymisierte Testszenarien basierend auf echten Mandantenmustern, aber ohne identifizierende Daten</li>
<li><strong>Pilotgruppe bilden</strong> â€“ 3-5 motivierte Teammitglieder, verschiedene Rollen (Berater, FaAng, Sekretariat)</li>
<li><strong>Alles dokumentieren</strong> â€“ Was funktioniert? Was scheitert? Zeitersparnis messen</li>
<li><strong>WÃ¶chentliche Reviews</strong> â€“ Erkenntnisse teilen, Ansatz verfeinern</li>
<li><strong>Ãœbergang zur Produktion</strong> â€“ BewÃ¤hrte Use Cases in den Alltag Ã¼berfÃ¼hren</li>
</ol>

<h3>Ethan Mollicks Framework (Wharton):</h3>
<ul>
<li><strong>Leadership:</strong> Grenzen setzen, nicht verbieten</li>
<li><strong>Crowd:</strong> Mitarbeiter entdecken Anwendungen fÃ¼r ihre Rolle</li>
<li><strong>Lab:</strong> Cross-funktionales Team validiert und verteilt</li>
</ul>

<p><strong>Erkenntnis:</strong> Kanzleien, die pilotieren, erreichen 3x hÃ¶here Adoptionsraten.</p>

<p>ğŸ’° <strong>Kosten:</strong> Enterprise-Lizenzen fÃ¼r Pilotgruppe (~100-200â‚¬/Monat)</p>
<p>ğŸ”’ <strong>DSGVO:</strong> Enterprise-Versionen bieten bessere Datenschutzgarantien als kostenlose Tools.</p>"
21,"Synthesia/HeyGen â€“ KI-Videos fÃ¼r Mandanten","Inspiration und Fortbildung","ğŸ„ TÃ¼rchen 21: Professionelle Videos ohne Kamera","TÃ¼rchen 21 ist offen! ğŸ„

Heute: Professionelle ErklÃ¤rvideos mit KI-Avataren â€“ ohne Kamera, ohne Studio. Perfekt fÃ¼r Onboarding, Fristenhinweise oder Social Media.

ğŸ‘‰ Zum Tipp: https://taxki.elinalesyk.com/21

Bis morgen!","<p>Professionelle ErklÃ¤rvideos mit KI-Avataren. Ohne Kamera, ohne Studio.</p>

<h3>Vergleich:</h3>
<table>
<tr><th>Feature</th><th>Synthesia</th><th>HeyGen</th></tr>
<tr><td>Avatare</td><td>230+</td><td>120+</td></tr>
<tr><td>Deutsch</td><td>âœ… Muttersprachlich</td><td>âœ… 175+ Sprachen</td></tr>
<tr><td>Preis</td><td>ab 18â‚¬/Monat</td><td>ab 24â‚¬/Monat</td></tr>
<tr><td>Am besten fÃ¼r</td><td>Training, Schulung</td><td>Marketing, Social</td></tr>
</table>

<h3>Anwendungen fÃ¼r Steuerkanzleien:</h3>
<ol>
<li><strong>Onboarding-Videos:</strong> Willkommen fÃ¼r neue Mandanten</li>
<li><strong>Fristenhinweise:</strong> Personalisierte Video-Erinnerungen</li>
<li><strong>Steuer-ErklÃ¤rer:</strong> Kurze Clips fÃ¼r Social Media</li>
<li><strong>Mitarbeiterschulung:</strong> Einheitliche Trainings fÃ¼r neue FaAngs</li>
</ol>

<h3>Schneller Workflow:</h3>
<ol>
<li>Skript auf Deutsch schreiben (oder KI entwerfen lassen)</li>
<li>Professionellen Avatar und BÃ¼ro-Hintergrund wÃ¤hlen</li>
<li>Video generieren (5-10 Min. Verarbeitung)</li>
<li>Logo/Branding hinzufÃ¼gen</li>
<li>Exportieren und teilen</li>
</ol>

<p>ğŸ’° <strong>Kosten:</strong> Ab 18â‚¬/Monat</p>
<p>ğŸ”’ <strong>DSGVO:</strong> Synthesia ist DSGVO-konform, SOC 2 Type II und ISO 42001 zertifiziert. HeyGen auf Datenschutzrichtlinien prÃ¼fen.</p>"
22,"Copilot Pages â€“ Kollaborative KI-Dokumente","MS365 / Copilot","ğŸ„ TÃ¼rchen 22: KI-Antworten als teilbare Dokumente","TÃ¼rchen 22 ist offen! ğŸ„

Heute: Seit September 2024 kÃ¶nnt ihr KI-Antworten als dauerhafte, teilbare ""Pages"" speichern â€“ in Echtzeit mit Kollegen UND Copilot zusammenarbeiten.

ğŸ‘‰ Zum Tipp: https://taxki.elinalesyk.com/22

Bis morgen!","<p>Seit September 2024 kÃ¶nnt ihr KI-Antworten als dauerhafte, teilbare ""Pages"" speichern.</p>

<h3>So nutzt ihr es:</h3>
<ol>
<li>Stelle Copilot eine Frage (Teams oder M365-App)</li>
<li>Klicke ""Edit in Pages"" auf eine Antwort</li>
<li>Arbeite in Echtzeit mit Kollegen UND Copilot zusammen</li>
<li>Teile via Teams, Outlook oder als Link</li>
<li>Exportiere nach Word oder PowerPoint</li>
</ol>

<h3>Anwendungen fÃ¼r Steuerberater:</h3>
<ul>
<li>""Client Tax Situation Summary"" die ihr laufend aktualisiert</li>
<li>Gemeinsame Bearbeitung komplexer Szenarien</li>
<li>Wiederverwendbare Vorlagen fÃ¼r hÃ¤ufige Beratungssituationen</li>
</ul>

<h3>Beispiel-Prompt:</h3>
<pre><code>Erstelle eine Page, die die steuerlichen Auswirkungen von GmbH vs. GmbH & Co. KG vergleicht.

FÃ¼r meinen Mandanten mit [X Umsatz, Y Gewinn].</code></pre>

<p>ğŸ’° <strong>Kosten:</strong> Microsoft 365 Copilot Lizenz</p>
<p>ğŸ”’ <strong>DSGVO:</strong> Im M365-Tenant gespeichert, EU-Server bei EU-Konfiguration.</p>"
23,"Die 87%-Regel â€“ Warum eure KI-Policy wichtiger ist als Tools","Strategie und FÃ¼hrung","ğŸ„ TÃ¼rchen 23: Die wichtigste KI-Investition","TÃ¼rchen 23 ist offen! ğŸ„

Heute: 87% der KI-Projekte scheitern. Nur 25% der Kanzleien haben eine formale KI-Policy. Der Unterschied ist messbar.

ğŸ‘‰ Zum Tipp: https://taxki.elinalesyk.com/23

Bis morgen!","<p>87% der KI-Projekte scheitern. Nur 25% der Kanzleien haben eine formale KI-Policy.</p>

<h3>Der Unterschied:</h3>
<ul>
<li><strong>Mit Policy:</strong> 84% positive Einstellung zur KI</li>
<li><strong>Ohne Policy:</strong> 44% positive Einstellung</li>
</ul>

<h3>Essenzielle Policy-Bestandteile:</h3>

<p><strong>1. Tool-Inventar</strong></p>
<ul>
<li>Welche KI-Tools sind genehmigt?</li>
<li>Welche sind verboten? (z.B. kostenlose ChatGPT-Version fÃ¼r Mandantendaten)</li>
</ul>

<p><strong>2. Datenklassifikation</strong></p>
<ul>
<li>Was darf in KI-Systeme eingegeben werden?</li>
<li>Was niemals? (Namen, Adressen, Steuernummern)</li>
</ul>

<p><strong>3. Human-Review-Pflicht</strong></p>
<ul>
<li>Alle KI-Outputs mÃ¼ssen professionell geprÃ¼ft werden</li>
<li>KI ist Entwurf, Mensch ist Freigabe</li>
</ul>

<p><strong>4. Mandanten-Disclosure</strong></p>
<ul>
<li>Wann und wie informieren wir Mandanten Ã¼ber KI-Nutzung?</li>
</ul>

<p><strong>5. Schulungsanforderungen</strong></p>
<ul>
<li>Mindestkompetenz vor KI-Nutzung an Mandantenarbeit</li>
<li>Dokumentierte Schulungen</li>
</ul>

<h3>Template-Struktur:</h3>
<ul>
<li>Definitionen (Was gilt als ""KI-Nutzung""?)</li>
<li>Liste genehmigter Tools mit Use Cases</li>
<li>Datenhandhabungsregeln</li>
<li>QualitÃ¤tskontrollprozess</li>
<li>Review- und Update-Zeitplan</li>
</ul>

<p>ğŸ’° <strong>Kosten:</strong> Nur Zeitinvestition</p>"
24,"Agentic AI â€“ Die Revolution bis 2027","Strategie und FÃ¼hrung","ğŸ„ TÃ¼rchen 24: Was 2025-2027 auf euch zukommt","TÃ¼rchen 24 ist offen! ğŸ„

Frohe Weihnachten! ğŸ…

Zum Abschluss: Gartner prognostiziert, dass 50% der Organisationen bis 2027 autonome KI-Agenten nutzen. Was bedeutet das fÃ¼r Steuerkanzleien?

ğŸ‘‰ Zum Tipp: https://taxki.elinalesyk.com/24

Vielen Dank fÃ¼rs Mitmachen! Ich freue mich auf den Austausch im neuen Jahr.","<p>Gartner prognostiziert: 50% der Organisationen nutzen 2027 autonome KI-Agenten. 80% der Kundenanfragen werden 2029 autonom gelÃ¶st.</p>

<h3>Was bedeutet das fÃ¼r Steuerkanzleien?</h3>

<h4>Kurzfristig (2025-2026):</h4>
<ul>
<li>Multi-Step-Workflows automatisiert</li>
<li>Belegeingang â†’ Klassifikation â†’ Buchungsvorschlag â†’ Human Review</li>
<li>Microsoft Copilot entwickelt sich vom Assistenten zum Agenten</li>
</ul>

<h4>Mittelfristig (2027-2028):</h4>
<ul>
<li>""Zero-Touch"" Routine-SteuererklÃ¤rungen</li>
<li>KI sammelt Daten, bereitet vor, Mensch prÃ¼ft nur noch</li>
<li>Predictive Advisory: KI identifiziert betroffene Mandanten bei GesetzesÃ¤nderungen</li>
<li>Echtzeit-Compliance-Monitoring</li>
</ul>

<h3>Vorbereitung:</h3>
<ol>
<li><strong>Workflows kartieren</strong> â€“ Welche Multi-Step-Prozesse kÃ¶nnten KI-orchestriert werden?</li>
<li><strong>Datengrundlagen schaffen</strong> â€“ Saubere, strukturierte Daten sind Voraussetzung</li>
<li><strong>Aufsichtskompetenz entwickeln</strong> â€“ Mitarbeiter brauchen ""Supervision"" statt ""Execution"" Skills</li>
<li><strong>Informiert bleiben</strong> â€“ DATEV, Microsoft, EU AI Act verfolgen</li>
</ol>

<h3>McKinseys Vision:</h3>
<p>ZukÃ¼nftige Teams: 2-5 Menschen beaufsichtigen 50-100 spezialisierte KI-Agenten. Die Rolle wandelt sich von ""Arbeit erledigen"" zu ""Arbeit dirigieren und validieren"".</p>

<h3>Euer Wettbewerbsvorteil:</h3>
<p>Kanzleien, die sich jetzt vorbereiten, adoptieren Agentic AI nahtlos â€“ wÃ¤hrend die Konkurrenz aufholen muss.</p>

<p>ğŸ„ <strong>Frohe Weihnachten und einen guten Start ins neue Jahr!</strong></p>"
